{
    "jedi.enable": true,
    "jedi.startupMessage": true,
    "jedi.jediSettings.autoImportModules": ["numpy","pandas","scipy","pyperceptualaudio"],
    "jedi.executable.command": "jedi-language-server",
    "snippets.userSnippetsDirectory": "~/.config/nvim/snippets/",
    "explorer.file.autoReveal": true,
    "explorer.previewAction.onHover": false, 
    "explorer.icon.enableVimDevicons": true,
    "explorer.icon.enableNerdfont": true,
    "explorer.width": 20,
    "explorer.buffer.root.template": "[icon & 1] OPEN EDITORS",
    "explorer.file.root.template": "[icon & 1] PROJECT ([root])",
    "explorer.file.child.template": "[git | 2] [selection | clip | 1] [indent][icon | 1] [diagnosticError & 1][filename omitCenter 1][modified][readonly] [linkIcon & 1][link growRight 1 omitCenter 5]",
    "cSpell.enabled": true,
    "cSpell.import": ["~/.config/nvim/cspell/latex/cspell-ext.json"],
    "cSpell.allowCompoundWords": true,
    "cSpell.showStatus": true,
    "cSpell.language": "en",
    "cSpell.numSuggestions": 8,
    "cSpell.enabledLanguageIds": ["text", "latex", "tex", "markdown", "plaintext"],
    "cSpell.userWords": [
      "Dyreby",
      "EPFL",
      "Jakob",
      "LCAV",
      "LUFS",
      "Møller",
      "Nuevo",
      "Olufsen",
      "Paolo",
      "Prandoni",
      "Pyloudnorm",
      "outasdfkjl"
    ],
    "diagnostic-languageserver.filetypes": {
        "python": "pylint"
    },
    "diagnostic-languageserver.linters": {
        "pylint": {
            "sourceName": "pylint",
            "command": "pylint",
            "args": [
                "--output-format",
                "text",
                "--score",
                "no",
                "--msg-template",
                "'{line}:{column}:{category}:{msg} ({msg_id}:{symbol})'",
                "%file"
            ],
            "formatPattern": [
                "^(\\d+?):(\\d+?):([a-z]+?):(.*)$",
                {
                    "line": 1,
                    "column": 2,
                    "security": 3,
                    "message": 4
                }
            ],
            "rootPatterns": [".git", "pyproject.toml", "setup.py"],
            "securities": {
                "informational": "hint",
                "refactor": "info",
                "convention": "info",
                "warning": "warning",
                "error": "error",
                "fatal": "error"
            },
            "offsetColumn": 1,
            "formatLines": 1
        }
    },
    "diagnostic-languageserver.formatFiletypes": {
        "python": ["black", "isort", "docformatter"]
    },
    "diagnostic-languageserver.formatters": {
        "black": {
            "command": "black",
            "args": ["-q", "-"]
        },
        "isort": {
            "command": "isort",
            "args": ["-q", "-"]
        },
        "docformatter": {
            "command": "docformatter",
            "args": ["-"]
        }
    }
}
